Col_1,Col_2,Col_3,Col_4,Col_5,Col_6,Col_7,Col_8,Col_9,Col_10
96.68030203573855,68,57.08588711743929,184,334.2568441364654,102.66018021755289,2.551618847615058,96.9944816438951,-98.11840928147406,0.5058729204155556
173.40742547248527,117,293.0561723678373,113,189.17494512115246,89.42690789584657,2.481226992154465,173.14692896638934,-174.42550125565288,-0.41902258627546757
358.13838667511385,153,235.45765137267247,221,247.42041620199052,13.89792771041264,2.7249783789226267,359.1103620574808,-359.15065389877213,1.2837957351349414
17.69208270326291,141,97.42359086840912,4,252.59649983977872,133.5557748505688,2.549557275554268,15.800333105711495,-17.514653932258426,0.620346597351213
327.9788209073676,18,178.14221623415094,173,121.43661903908195,145.52957140656727,2.4767071295333674,329.33588629850465,-325.79322290942525,1.4494177750147827
234.75157319591665,30,57.368543469183884,250,415.9579415505523,14.886942968896518,2.3226890717380018,234.67497539111548,-238.47808983098523,-1.3232842614685472
25.08510236572423,81,127.54656861692,216,28.202746567291555,78.5980812153226,2.4166617105370327,22.17774428280943,-25.767398076236063,0.4676598568616179
216.23511306573275,88,25.42189546385129,70,408.11168839391377,102.57743679438002,2.46144104159725,217.8559066044575,-215.69812322586856,0.22742809035437334
204.49647422891937,83,121.99645349267578,41,208.37758684900342,88.13660614686265,2.374694350312041,203.8373142175066,-203.16413069078502,0.684000353540349
252.25646402543452,115,200.34249151076563,76,15.773368425821392,132.64020355880268,2.3776498219328293,256.0998384432075,-253.14597966134215,-0.9301843346155189
259.5925051562291,146,76.88779184267858,50,50.66335427718215,114.23963245875478,2.5353554794708977,263.15223691760394,-258.0898994992444,0.5896126598936663
74.95780012638293,182,213.88461539211417,44,289.623670318822,30.14471920917356,2.4119730928546437,74.57848022802803,-75.31317692238923,-0.30726197613026285
261.1942942150189,128,248.8735018883548,284,213.14364006774184,101.62177997007407,2.4802008419310737,260.9529606381785,-261.95036041849266,1.2567077107969125
390.0452522509093,168,280.47434703336154,164,58.535242790244766,31.4113700912187,2.706148730482684,389.1859953095828,-388.48240374538125,0.6062566004373827
32.90867479917655,159,95.87879282741515,39,40.98255728477695,154.31831312882036,2.203138844401617,31.036592041991252,-34.63373831505754,0.5581973299740056
40.54747409756887,157,263.15362517139977,21,103.02179891828852,97.60721920061582,2.5882887056357635,39.307242372640744,-39.24605275348151,0.18208933515111583
262.34784670121934,20,83.41473883456403,61,80.72225815084744,35.89279189311699,2.382584559895072,261.63443470416405,-263.897208056145,2.954472554404358
262.09628371227785,97,264.18206833858017,159,432.2407358543513,93.94561985823469,2.5826939421660584,263.19633318546914,-259.6501824498028,-0.17279567901373283
139.51376799790305,170,266.02477463648773,93,33.8706629971428,30.379007535844632,2.2792354461257704,146.06764036666914,-135.11504687708927,-0.15665535978066436
246.24816692984447,159,289.9176730894099,239,256.6955188447519,48.59058520540317,2.450025920511749,244.90690491352143,-249.07713782192437,0.2645545791159695
91.78290366391194,112,137.38272518909292,130,248.29865326393443,123.6026251022077,2.631532686635948,91.36639259475464,-90.50641112932355,0.6360081688453542
278.74828022757856,119,55.46152735743751,261,446.0424586211854,145.03687426531093,2.6016581931138982,275.39948084777296,-281.3002258867963,-0.9285516628387651
29.5086555584382,148,75.89510112067386,204,363.24801893855613,63.738941147682695,2.5497670080954573,30.00723133636183,-30.182264625556797,1.3812775662147188
181.63622700196416,10,288.61915310725914,16,354.474903219402,110.83665011796012,2.2105254299093744,181.24675146794843,-182.56491822852576,1.6476320386007375
291.09032189702504,43,38.188753301763306,147,277.2861702868289,126.94327465131468,2.4851159517786092,290.6221850022815,-291.24580853957434,1.9080587022465987
291.7508691900782,126,102.90447690292997,267,54.17010769914838,135.49739612131842,2.4682760590626254,289.5020700129064,-294.8127644940638,-0.9648608661490045
221.5227159397529,70,169.89743221480188,181,307.9497332147154,142.0026432960956,2.599125490928355,225.82826069879857,-216.13049197873715,-0.6787271162145999
277.7620788033072,123,143.7358695147763,233,18.35015350806175,123.46278566750323,2.4018846972930414,280.5665874918163,-275.94044090173463,-0.6832030945010997
313.25153279671616,72,260.2816052586723,107,328.6101237124501,88.05690404711012,2.3817046315898445,311.13938440316673,-312.7447113887634,-1.3030076810072406
83.86565173495221,90,227.56336292771488,56,210.59977145881933,115.90552031230524,2.612058915958747,84.24378601039594,-86.08050093086314,-0.4988965557445192
115.87439321650756,184,136.52883498300542,16,328.98927262906426,116.79843433405168,2.657873508988792,114.5149314633685,-110.83049470499154,-1.0309309036020347
339.17721145986604,117,26.37908287203642,21,242.69052289490952,132.88638141658063,2.5006513685845357,336.7180779717999,-343.0886856629009,0.4528414445403202
325.6247683651972,137,109.48354291195604,236,177.0866500095202,30.862265750657766,2.3385663172608795,324.94377666088235,-325.7711709939907,-0.050554903131493016
232.48002681955802,10,59.25792921228,50,4.281565724256394,90.07435301995437,2.3726881321903126,235.43784686420187,-234.28610176845729,0.9649818520326342
387.9192877810234,38,239.7828296340686,73,157.90925384579091,85.1164511491315,2.5715523015985022,387.537655463127,-388.53175058399705,-0.8218441912441257
66.92294650285338,20,96.29821346904453,44,436.5141523354765,103.14178860148331,2.528542494428721,67.49093008578488,-67.57444141793131,-0.5522680086603134
20.03449186321035,81,227.47867402966966,247,7.008621978422166,116.92011943710835,2.4463045500473015,20.617819515174634,-22.630792154603686,-0.7492983667035357
104.25091542242906,103,64.2780963974634,44,382.3223950065725,71.77724385636054,2.4682818391310564,106.1530533000757,-102.06735403135389,1.518538445334348
304.11415943730884,101,151.51312812496013,53,364.8065108299262,27.745577800926128,2.5662047284485148,303.7405841091032,-300.2065230445626,0.3367523929799811
275.02123130580037,74,154.14363443254524,273,319.6333617095363,44.916757961877536,2.6043025558234074,276.9421624201216,-272.54733720527383,1.47531343449717
378.8412979965658,110,146.46854044936435,144,253.0053958436584,126.60714309268829,2.4115432200223497,378.28581838428363,-377.6738849096512,-0.15885433646585445
51.39005043873696,152,270.9679984897875,167,247.03123621495718,102.77831231515665,2.317019279590406,53.313094115444585,-52.64442802299443,-3.216792957568912
171.8751446820457,56,240.58375330414376,201,361.7397010729506,33.32855916122804,2.4915888125267247,168.28232845047089,-170.97111906638602,-0.9590558254971407
331.59047138085486,94,235.1472733292948,64,393.72470274814725,28.787419620471358,2.571575460574137,331.5951332735725,-334.693592551691,0.5567128965311902
85.05857853268016,88,41.341165282786946,130,391.5503566587149,154.28301112208223,2.5646095654566268,87.42839475192055,-87.41033573133342,-0.44323152783100633
275.9058371860239,170,120.14631990909245,187,23.038784090151147,137.9343258064175,2.505863675447902,275.7234643397924,-275.04004572353045,-1.726577750462399
145.71764707848953,148,120.10382176117156,184,91.90067671374075,115.13110341556055,2.545859650105058,147.66604180289409,-143.5660336653091,-1.6574888307283424
215.0951956788328,144,66.68898972621395,21,401.9388566647702,139.7871008915084,2.531343865020183,215.53626562211022,-217.12411590166118,0.3542217421136905
128.1400356675958,114,155.7621668562758,70,349.04171092078394,121.74182028850561,2.441736706417276,128.9329145764159,-130.06195162244705,-0.34235687256727043
134.56878743878286,56,269.18279414266226,287,14.949643277674287,56.85033119278097,2.3960352384923107,135.9115324581266,-133.4986451765505,0.9626010389100642
89.37636772902947,12,26.54109839569056,130,124.04150080959607,101.58716600799679,2.4622246772069594,89.91906803006145,-90.38518059738377,0.05809584695497883
17.87497178635649,114,209.01994277039464,13,245.60774623163903,29.961816721650536,2.544964526343283,16.36397228489485,-19.50102850715583,0.2902886720752985
358.88817441616715,52,245.11805488868254,193,361.1078989782347,91.96828653722085,2.6073701371119395,358.33681427885807,-358.3212727386624,1.4379976055680967
291.85298243303185,10,73.84147878441102,156,358.7356530823518,51.48153985536195,2.5437883347313197,296.9374354802437,-288.25664917572345,-0.14233455389035435
148.877989358111,170,295.06080552252536,141,91.00423903259265,62.47179371799785,2.479818804592172,148.2267356422074,-147.50344777966527,0.23272879995490753
363.74700862308464,157,117.59750024984974,264,86.69309339359305,92.76770652852329,2.4501715268687274,365.4698608833513,-362.8440448800579,0.1099737457425209
23.241519838916428,101,250.7641084138937,219,401.8533074991683,150.61165921049357,2.5828658128518884,21.689431913204267,-21.540374308382564,0.7552226970232566
156.3375756542597,141,140.99247779317582,50,195.9782404151716,137.20199860709462,2.337758684112016,161.24520938148572,-156.99117032574236,-0.1802791823275294
360.45513734203604,161,136.7913949375455,281,424.93593570327477,19.586299826137726,2.507723772834604,359.9826475084048,-359.93110665889765,0.5123056586897075
320.9615915750093,41,61.46783361037552,64,313.66615093967147,95.54615757714996,2.3685770963081367,324.5252080494179,-320.3058121901597,0.4398117839147702
17.02534151391161,121,261.1424318696525,161,115.83924391678423,93.72698485116842,2.586031568212451,16.967935942380297,-19.85122551073507,-0.03520581505098488
197.01422343625592,14,264.7573691915329,167,184.51045190426473,103.62839428176565,2.504001057181501,200.40752778945432,-198.98564381328111,-0.2502521787580319
369.5336502530946,134,96.02107854957326,219,273.1324462241115,76.10484584500873,2.439376341827441,370.26284761933726,-369.78755626607085,-0.46638800462812446
152.4505013946228,30,264.4174101214963,219,162.67404698520875,58.843456224071105,2.586023233351219,152.81094263641964,-156.89279594125122,1.6417332190993184
258.80390662338516,48,253.61912958419688,233,11.559129819435586,129.8539232929771,2.584700473129016,260.4178362567923,-256.24881373852844,-1.0210892029865957
241.18861820347948,179,226.77818637315073,19,38.60651690300548,154.95633392862456,2.6699574295351627,243.18003195494344,-242.49112630527114,-1.0057354479495857
269.6237235238905,54,205.98990146532915,276,104.78051461952855,113.86727077194021,2.60147502094665,272.6949082043332,-266.3248393207147,-1.2200919747446777
261.91739681753677,7,219.57603651010953,116,147.23241151603673,84.74524713324925,2.530246415479409,260.1975820869362,-264.3360148842341,-0.04075672017114005
381.1412314731867,27,70.91585096063825,221,224.3662297789685,108.17703638703773,2.681695456003955,383.96964298068593,-381.48512759741726,0.5093456422082882
70.69878632994934,175,33.29550189662749,30,132.5682051747916,25.765722416614903,2.4572473400450736,72.61855758525876,-67.70493453075683,-0.29752727639355886
194.3006150659829,123,128.21927113183446,24,26.20596055892697,66.75320680211051,2.769790160504748,190.0494044733822,-190.3142237602799,-0.7602072605869464
268.20260166399646,63,280.77572361409574,184,219.67865468438126,34.59379723726478,2.6151332611976192,268.2993049547416,-270.3850741742445,0.6616910832425483
159.2934622550237,68,265.7039887329545,210,12.0077182812546,45.77873761417378,2.499627176579271,158.976636736865,-159.616249432928,-0.5828821444361691
174.97559622488606,175,191.29713653444185,167,51.12319566015871,40.35511154474831,2.3835603025545566,175.57051436784644,-175.04372225906317,0.54195969941592
241.39768836224766,119,176.13686362466555,56,385.413034087055,81.17903382356457,2.394439482949843,237.49209640618486,-244.87405615403836,-0.2973614184204107
264.77768724596586,30,181.92033133863688,19,165.32322765905926,156.35807294183428,2.4798905847349393,264.16324110844727,-267.13981455670995,-0.3662528892793529
182.66160491295673,86,150.60656263220767,210,136.24202277339037,117.31551206214945,2.3540293479147487,182.51220145123847,-183.84153023931435,1.6630588536846167
343.81799098579313,126,263.05394627238326,19,199.24532949028793,69.55149489596342,2.5230682356568095,345.84617474423715,-346.9190413593609,0.556207968092667
386.2464127445193,114,247.3930983240083,190,360.45728131066414,71.84972685234074,2.614437701805023,384.5578917615038,-386.88528621361047,1.4216250796358987
44.60084206320787,9,265.44175230114723,233,297.3313656660034,145.58548820789545,2.4783006156570795,45.33171343505729,-43.19107099941699,1.5952897968390136
386.28749831183615,96,198.10306925025148,33,418.1852006670985,39.78079823504676,2.6566881514399348,385.72094820453185,-387.1328607875466,-2.029482054641854
60.18942964346217,16,123.00416288827323,270,367.9568301973898,18.29141706857662,2.5256077401453316,58.23402100985012,-58.9393434099364,0.238553887166886
205.66127984309762,12,108.3401120580233,59,418.6529907018488,141.67132103947066,2.5244758835593184,206.0026598981468,-200.70000684641107,0.19573515718869042
365.73858944307096,115,10.244796230432831,133,400.7531799302406,41.87898197766377,2.4590636917498836,366.35766750980844,-363.19139091611146,-0.15275380437128133
301.3761266791832,23,244.7169852856414,196,85.5923725451208,95.42897982699631,2.3505509541780008,300.5127640232615,-294.38875979583486,-1.8939025110307692
294.4092480443525,45,183.4370547006467,70,73.47770643048943,115.79497874583541,2.653804285910238,295.63993488726794,-296.5878762971544,0.17184609239685866
348.2736242737366,39,51.869323345409065,61,400.0245953273616,76.2829663730407,2.5010512705230217,346.9112518282327,-349.37876158488785,-0.5206359725965718
301.8390011319886,30,144.58852650213186,261,101.18225197409923,78.5834265913467,2.571935839907133,299.79020077495926,-301.34158986002615,-0.6526595621533999
110.38362957022409,146,290.521080209355,27,80.80664925335924,53.69812192637324,2.363390282458491,111.3487795556081,-113.51581534061299,-1.106281031841324
182.2328251740662,88,225.39074046843442,7,111.44957659867637,104.33109578374666,2.6089782800979333,179.06636722805945,-181.9782246687498,0.08616304291284771
314.8129083300577,52,214.65817689258213,247,288.3831356412557,157.88816191159455,2.5025931419268965,314.3217494554774,-315.71047920055264,-0.22257787308327884
330.56581225921605,134,32.036753956286056,47,47.61417987040765,138.6560089206564,2.530242341247892,332.326434252887,-331.89754430172394,-0.338302561429517
296.80013695684346,18,45.08753243964223,113,265.0673355186863,158.80045970608856,2.3556568988162754,294.87621614184263,-299.71804920708473,0.8001339844357793
110.22264963354638,181,156.54524746416945,81,230.03337215404892,80.7173881224102,2.575151564926294,105.3129738203958,-109.16747986385029,-0.20762263509572973
221.91994774215084,20,122.2501902064888,167,316.04924592788774,29.671896720532764,2.5370276316447615,223.107997434015,-222.07414869750167,0.648058277584504
327.36203955492,135,214.02067054425623,201,424.71182507021734,100.14404482108944,2.514058913442464,330.7795199709235,-325.6744010312859,1.7599815581736247
118.13510533900447,70,138.28807892101207,13,373.119970623599,41.03407583261472,2.3227224864914895,117.23432155784877,-117.92337947630463,0.41432814144283736
48.239296086559996,181,263.7431218234608,81,320.04828481210797,114.20280721574053,2.5421141113084755,49.285400778778154,-51.879826654614014,-0.25725744352331187
118.29731984104262,32,270.7058646875735,264,98.15520241976779,18.643363866318136,2.470841710667002,115.15056445530861,-115.35762522934125,0.07656532042669256
148.30708642090988,32,70.29945375642026,70,67.92167906144351,149.28818471029336,2.462276338136573,150.68211674573618,-150.37624055743277,-0.7920342149603656
325.9625853481183,148,96.67274886443948,187,190.70458010757952,118.7465038786454,2.555021484432842,322.8757499897548,-327.7267719039423,0.47868189023635177
33.97700961419008,159,177.85674448978352,36,430.5894235852858,51.03010831172894,2.3525390211597768,36.49333467722512,-31.433586083858895,0.5731671106467421
45.59817309095134,148,253.15249369349434,121,372.32699995882655,158.34156162836024,2.5215005429358994,49.28107928563803,-42.82485959269299,2.304125796943466
94.5502741775504,99,65.22463599156407,136,109.10870351763343,45.075431895969196,2.6602797672948504,94.73178217645243,-93.47326400045164,0.8343052082076885
217.48576736929328,123,267.8483427972942,193,157.8254564454003,28.26325050205626,2.495787138312954,218.89421185948643,-215.41364563253705,-0.6936480967723362
235.62004138389815,119,271.698529036373,141,231.2355412112997,120.48175946670347,2.6054616078065713,233.60410151044067,-235.6407126949019,1.0953257017171503
363.20490997477015,177,123.95559834194641,261,192.6563082924739,113.18180104768294,2.4314334823562658,362.600287557935,-363.7774826117955,1.374010986961777
18.21872647020564,54,140.83933295314213,236,427.5133573033569,87.40147292979671,2.6692450099578258,21.074852328508943,-21.259226634521063,-0.4141970016130412
330.8015991544324,43,69.15192974276896,16,171.48059472410995,63.66601425691261,2.353429949990166,329.066180224714,-328.6436815562045,-1.5070338384892592
116.85661098280342,45,266.1753992117968,7,247.00026005917277,65.38305943253452,2.415804536341771,116.44577845647616,-115.68646611320419,-0.42264254559948683
311.57992521378026,177,137.22242000582204,136,380.07005451325324,83.88589172196683,2.632720887806182,313.4276895861006,-314.15372442785196,-0.82605650029604
386.83960013655735,41,91.01526173513452,227,264.4629405564079,133.11551524202096,2.4836520661298205,389.8856629237384,-386.01259011522603,2.768193678330501
248.37232072050793,121,230.94747956268628,99,426.44613279105346,121.49555309083914,2.4873206893204953,248.53598431428284,-248.0364727080283,1.5814758864135925
29.369177491563452,45,114.3082051243962,201,195.4550458839514,27.62486301067464,2.565099370951957,24.61369537684056,-26.22405549457284,-1.0507537373565956
267.01357327528547,110,97.2818021161025,93,104.84578498569779,59.50365705959235,2.3675351912950173,267.7306441635198,-267.4943580772491,-0.2094500351479204
187.7112516899082,16,219.4564785163973,7,294.1974014315156,68.80851739050028,2.395903343958794,186.5748352196241,-184.93214825358262,0.33475908441110397
196.5317503015592,14,237.9948340591725,107,358.3296255037128,144.77196969484538,2.461739489036236,193.14948240968897,-196.12426100825655,-0.4430590922744766
8.981776295797992,179,232.82174873430986,287,379.05494009160117,134.80840501273764,2.6037809977971307,8.632669843653996,-10.096391684182084,0.37952516091317934
372.82553481266586,110,283.32745420362045,87,342.4877051080935,58.137648659240725,2.495360601769337,371.50981155853907,-373.2573884315597,1.277403984594045
131.00065757799254,50,146.0564938452659,204,273.96502076228154,74.2596959264153,2.581998390702938,131.23099829255912,-132.3013441719872,-0.7580519817575073
237.72575172793398,27,163.8424654766762,167,340.0010220042389,77.73082620182774,2.5154646084762113,237.54800096124995,-236.95521168666107,-1.5570688280120932
265.5568484037024,115,69.65507485535029,179,185.8240870573106,14.47554595810838,2.4646596529726006,266.6454599862734,-263.15019722304834,0.18287507034837547
54.60053679397873,150,225.9421512622192,47,375.4827302826465,62.04109602917427,2.527428903404164,57.20646938486423,-53.7806040207666,-0.47318121335428753
282.4630632064627,58,76.6694153002908,167,407.2185519358253,142.46644112974394,2.5246120395955547,286.11000909196827,-281.8884975259998,-0.7303050848272878
49.84739943118732,121,230.5888933289298,230,406.7487284890701,136.70609080861817,2.4889466733484276,52.157564888613436,-49.94839291219632,0.5265472433299552
363.9204480377857,70,69.16315852967227,167,380.49080823325534,78.55395497865788,2.5362492855281875,362.8985919976054,-363.2576212456941,-2.570178811206801
234.81604658571325,54,196.8782267744186,44,260.3871258657446,92.48000633029673,2.571650186108051,233.8531240654863,-231.20655140552526,-1.0870583944387633
351.0756091055122,146,271.8343340642056,199,336.89460092382336,84.40603606549931,2.491784344850726,349.12022861539225,-349.71428875518797,-0.7631077819870432
43.840024683164295,65,142.79182054167902,96,147.72974046049026,101.98189933633236,2.3515070065137063,40.00502275469688,-44.17794695548119,-0.40363002205590975
360.95368442476484,9,11.620814773698278,124,223.6756829213652,74.48277107335838,2.574279158837563,362.52778810979214,-361.66028300525977,-0.5813596212927623
281.01118316477596,74,180.99737561119574,213,41.345787233096026,43.43200981512552,2.3704779707354544,279.5004745670585,-281.73341608114924,-2.0769159163610804
105.94223948142827,18,9.994978579719316,284,418.14419462917215,83.59722265377485,2.416911108961554,104.29149174178313,-103.62425025107596,-1.3747257659577579
74.07950185581032,143,228.8384562007752,7,127.93541159108432,103.90505974991135,2.327214446764134,72.58488695540063,-76.98027740415164,-0.21257581525533145
222.63620124633078,166,116.36922061484609,64,383.0547248589038,98.2335946486302,2.454793024688184,222.37458869350615,-223.3042726596726,-1.347505550920605
85.4014170205749,52,75.11529369216517,221,305.9702923204259,42.53998968184929,2.2488721690020603,85.74682948031753,-86.98372614735337,0.05369314720787606
375.80015233681524,30,37.30868413022779,196,336.7486777298057,86.11766378478134,2.5302157112190344,375.2115544177872,-378.70080256184775,0.12389371958719088
160.84726586454357,97,233.4191469673523,184,430.9174435044163,100.80219645627488,2.400989261560666,161.03517276843948,-159.83409586054137,0.08634960951188432
385.19866858466946,21,200.641003191008,127,86.5709164244541,53.8569344609708,2.5638047435912052,386.6374219479988,-387.9048812545493,-2.1126385474646705
9.685956024889066,38,247.4687756212679,279,91.74622496635187,64.73012341258759,2.755443159964567,9.294708181131869,-11.89085940969253,0.4764753721148436
271.32425736893987,77,147.02840110753888,187,440.59003515276805,137.65337505308466,2.572203520072427,274.1354550622908,-269.9734354896219,1.2460711529025674
350.3351881912785,134,54.49636147389103,179,100.30493065480124,132.2705541019885,2.602613873220669,348.77371729041346,-349.9389743665969,-1.183316132564612
222.5772892742865,137,216.99082843470615,230,135.01218803583546,144.733852386479,2.535977265875767,222.6404788891059,-221.44248992325103,0.4230428739310674
81.76620675594778,56,164.52496896637152,207,85.52202687066709,26.427266021770652,2.5091241083015463,84.85989259298157,-82.21111694728074,-1.442079372742449
319.82497526368024,59,188.66075169220213,281,419.85786623433853,91.49342924643483,2.5466288740689724,320.0848913298282,-319.53899937652955,-0.17034977969800486
35.10342737543727,30,69.94337779751433,59,201.22063726321755,147.3860020929435,2.4488619684808595,36.1960049915155,-36.043966144764894,0.4585740846822707
356.21634424795644,123,144.15544953914952,133,198.96201576677578,54.839939047113354,2.4256713989390213,354.3608923046897,-360.00025942963106,1.6686519534953104
370.5850637668018,92,179.99638761061044,281,93.70743664961303,70.50303129497641,2.506286260987598,369.63763480488586,-369.11937284332737,0.08545618749461828
216.6112626863102,139,259.9883997740669,253,201.85275429141694,138.0424520776089,2.5569195572559336,215.17114184487426,-217.60411228336366,1.1587227213587608
81.01089043139858,48,158.81844689362808,81,401.7128072870961,145.77927910076093,2.4725403158840162,80.9199603156751,-80.54701202347557,0.49333867921551094
193.2744823125427,121,45.036546251634086,279,51.87061923257017,126.97217518841418,2.42170822615309,191.8371754713273,-193.47528206513564,-0.13390046457663765
319.8641880778281,152,109.52893684105211,24,121.47487771156071,81.48708294454514,2.4306770434065403,317.9951777010233,-317.75355232311165,1.0765107422797582
50.518028379886026,16,118.08258240573734,150,36.375364268068225,15.860642145885505,2.572498595965581,48.955874525162045,-49.35208608737948,1.0488200418274416
203.2186496012425,179,110.19091371285194,247,35.31948694780624,153.02298966184108,2.5082260222989747,205.24558401177086,-204.31032785122935,1.3687710286559744
159.81596379560156,117,89.39385008320812,159,210.52392202704317,16.023466579031815,2.5611489467905786,159.22195356614546,-161.9974940664549,-0.005717121431679461
318.3512108128696,52,108.2000639934441,13,172.6592237344499,72.03228686464166,2.5650518968587153,319.4780759357056,-318.60807997562756,-0.5592268251583428
188.30906983458337,155,276.11585463847734,133,61.72179340017092,102.20714520063797,2.332730794394421,189.87462472197893,-190.70836070213582,-1.3466685546985488
179.26601000312007,29,109.09778744895848,144,156.72672777722167,28.436806547410537,2.5350088072334085,178.49715800146512,-179.42040082753297,-0.03825739369059595
126.32521416792433,47,131.06660287874666,41,179.48250325526294,46.453036743023844,2.511012788058685,128.0177622017738,-128.40906214989354,-1.2378219811808353
381.51839532520086,59,62.49611469556329,110,295.2360349833264,100.3590463846675,2.627076175843575,379.4608092863656,-379.62076368931304,0.09877868111858863
258.30776220315965,74,120.47726588464256,104,176.9255428179439,143.56188293624163,2.4137797398010936,255.52458271926588,-260.32164380672117,-0.6233265174917363
299.2856831549831,114,168.20408700212153,270,84.9479623926001,82.22822699039992,2.5135504110011584,299.9256738838686,-297.6058666725184,-0.10844201961095185
380.01181489164287,27,214.9026078512646,79,25.21517722195325,33.43523390982604,2.7238110623108223,381.04622277353195,-377.5548895263696,2.0341228814882495
308.7318991659721,172,101.79125594431612,216,322.7671571263844,79.00161804297736,2.5852323669743074,310.3223980090503,-307.2978584105937,-0.2752234282023657
267.01514040236634,83,212.80960791557547,96,297.3429724112254,79.06454739323968,2.392583352700306,267.29901818217843,-265.20944457513303,-1.7583118047692547
46.83034260964687,175,295.8911291689884,79,175.57569486792462,18.764594209396957,2.3945521938738477,47.357258190345355,-47.19633362939226,-1.4387776509739165
220.74391452928845,36,54.107123925522735,233,203.72663295837847,20.160667856741647,2.4232723117204165,218.0442858957626,-221.3240430147518,-0.06009155073852111
182.89761120045637,143,151.24640415144776,256,345.8983523520346,28.950110782681456,2.6094115282652512,184.43087750933404,-178.22551614824903,-0.7905735821121627
122.42974693749836,168,279.9395434806333,64,213.56039706318458,89.450582880952,2.4963005134588623,120.78643814344785,-124.70996887155252,-0.5489527075042367
123.44180700242254,41,158.85652049355397,247,125.85977587851275,31.410125282802056,2.5558028672781874,123.80859733964614,-126.22423959856371,0.9516100449499539
89.439293205306,77,241.1307830345028,170,102.25519642156276,77.68510884477709,2.4993839323105096,91.59218300247372,-91.52271190555905,0.4516987260454846
215.52439177131532,135,101.88454756302352,127,161.60182288955215,48.86886431161903,2.795145974522029,213.50762742001012,-215.78464918845597,1.0394738077334675
193.55654836985374,137,111.39393723418854,213,138.08847402444795,91.84789403907502,2.5300519582235683,196.66577474179553,-191.52025583832855,-0.8310284315806337
327.5145668220624,88,239.1531084273722,53,15.552137971714526,43.27939063080731,2.5341889263013337,328.0475633144506,-323.64058053558443,-0.9737909162163662
347.2556948416117,139,247.87505375179344,30,423.2318336734873,63.01875375384367,2.4792574041129845,347.3094737895972,-347.64876383390333,-0.9446146531770545
143.2212426509807,20,214.1961789508797,164,368.21460782968853,27.39283883120732,2.6314360911942147,145.22698055334587,-140.37217029094387,-0.6492449426866929
313.3668905650265,179,204.5466885880406,210,96.12942502058463,97.41898936560045,2.4184723027919577,314.47478545922144,-314.27360745983157,0.7779856500642092
387.31535067194324,170,203.8911642327951,281,431.87731904219726,26.371690407504186,2.554299796696952,389.48811321574544,-384.97637574207914,0.8699827292427141
263.6980761378999,115,47.620058818423075,170,223.51159364364398,84.70830070815677,2.363732758864548,264.86419445432387,-263.74219564102236,0.6055063382826884
270.0393901969742,18,118.22852437319153,276,349.5833228895864,24.00443848120068,2.3039789610098507,270.05526667405303,-270.10774035499804,-2.1808610842130682
44.813106809395315,27,263.72224749190536,259,318.8505896533272,32.03238865960731,2.514961456506034,47.59707886611726,-46.80560135088795,0.03525903277759605
333.7482829041546,39,18.66043674986303,247,241.05743269068515,97.25387333344841,2.423124082347976,335.74231989452204,-335.3478805703641,0.33372930654074934
171.1827525312114,18,106.18997010909138,21,157.3317285228139,99.60413296310895,2.611504315261267,175.1564979359215,-172.5434500359275,-0.581853953301884
212.24101673175596,179,80.16502835540189,256,156.91666268578908,84.57875486177099,2.4359173573243496,214.80068592640237,-209.57153457748691,-0.19391961454867718
346.91593011995013,10,166.76632621455917,21,452.78822403242793,93.09156507312173,2.4040022926889235,344.28366585443973,-344.5144517836322,-0.031096976310729038
277.4803685468649,52,125.55324341583638,241,146.48950111793096,59.2111210718068,2.509320281873604,276.95738559333887,-279.0918441134499,0.2128144513577159
210.61963126585115,179,131.94656095198977,241,290.84810746286337,30.038176675450355,2.2895290981849064,210.1437118925518,-209.40097277892409,-0.4665428832716236
14.972122119323675,150,239.77177320666516,50,58.535745512245434,137.9450742451238,2.609684340935901,11.255125124204007,-15.766373787372377,0.2247378235937811
301.57377887479083,14,18.428986607884887,224,297.5517745235762,104.95865886630327,2.4870474949493184,305.25062626930736,-304.58281760000625,0.17150671609610013
354.38575482870317,99,269.512907293759,44,301.2822557084949,42.82949182194628,2.3803346967932284,352.5140232527487,-356.5896544043421,-0.7802108375877431
114.65216939147982,117,18.538909454370796,150,252.65432113740667,91.22321638662962,2.47001293422404,113.45439729888233,-115.14220648008755,-0.561354940026021
243.4797165480792,143,47.473699045811486,261,373.7110870658319,19.783227301139835,2.5718669569984742,245.53617398497275,-241.28392517500814,-2.0553493359013033
81.24314851215505,76,231.77679243222855,87,42.22655602151157,61.98992860261603,2.5350489774033487,84.04236683078912,-78.81377547779292,1.9257423150535549
326.64658472390136,61,120.29784630496623,96,289.0047048104398,31.589429688134484,2.7164438583591717,326.7821027390907,-326.69688513937626,-0.1798389531835719
79.75405945893364,132,180.05334119965923,181,205.54664288842145,16.00083696550077,2.27136140271987,82.77883149404435,-81.61316409005194,0.3946463189519801
355.24721225046227,110,205.0735506701555,153,361.06409775744646,32.75695780734547,2.4793463344703333,353.68094313062915,-355.7274488654287,-0.3119980285247163
69.02890160921848,63,120.88070859923481,224,104.22057616025131,148.4371150048567,2.363938079490251,68.03710269627119,-67.0647924003636,0.2958154341428423
64.1018403170691,106,288.2104461352578,61,328.2502553998523,58.502676003601785,2.526429011883692,61.58492693769452,-64.02532779013882,-1.7006400033037992
206.08483375273536,96,151.13374571050647,24,114.8556197412813,36.01365856039257,2.55114099578598,205.23405184388326,-203.5659511608013,1.580831866150432
55.06508966900563,20,258.48026720106736,207,275.303046854074,142.69164616748978,2.4184468424801966,56.35439842040176,-54.36362831522849,2.567408054892049
347.15674949874864,86,19.760097044246425,141,40.14100103399628,22.813101124011077,2.3865175652691244,347.4652834527206,-346.6306129242718,1.2427819609760151
52.923155517514495,81,137.96667803360074,133,139.66214262157314,111.17261006137753,2.4558983082294885,54.2058698763084,-50.61904385422801,-1.9902316802280686
294.32048032564813,146,219.34063309260907,219,259.6164592176926,59.880831675280795,2.3424621851761125,294.585482152753,-297.10711212006726,-1.7945554206929668
108.92890553860308,48,31.220741685018513,124,56.837554389505016,100.15473566746061,2.4338303906357157,109.17401535221043,-112.34487243061277,0.5691209556927754
168.41904019639856,148,176.03138925260865,116,274.66113028860093,51.53815073364071,2.4751019412810193,167.01115575946565,-169.16397044292407,0.40856662392875553
145.38467781259746,123,49.41121600830537,156,134.9594254050699,146.60023229319373,2.4915803337893947,143.06496601023787,-146.2311960297114,2.684892712715099
159.06595040947073,7,129.91637515846443,199,446.49770955067595,69.39912405190557,2.5245825709007765,161.36925410832743,-160.93012033320423,-2.0638551322301386
341.03618226231566,50,127.93789240519754,250,303.3535760098608,143.71779460721314,2.4591947692634983,343.6148458249604,-340.9535655072333,0.6558445584049526
392.0396096630449,77,90.32624506519377,119,303.50971849770855,67.32986601082408,2.551764315404095,388.83164667790004,-392.79972188108434,-0.42651099898865136
321.61510412689273,67,54.947055852522354,127,105.06017401543336,83.37738344339618,2.3894252605934807,317.75287882093534,-319.73898425743795,-0.9786291492666908
372.5714281722968,173,81.82413461901066,236,23.680150685339726,51.69775721855907,2.6766238095051853,370.4441284532958,-371.086439172569,0.888137771241473
52.090020271852424,32,223.92793041522418,73,231.2533126984577,154.95570382731944,2.5211175825977516,53.25715194469152,-51.12868342879672,-0.21760359468470997
388.35321624733837,164,59.83006505798838,204,282.87942717708063,125.37437514929778,2.4480902450037036,387.5141880673585,-389.27609829942344,0.03483264007617902
279.7725509245541,68,109.72469801025657,261,388.6873908649134,64.5589156634619,2.4653580746751143,280.914672103113,-277.89685203572884,-1.2862345522239012
317.9041705008912,43,262.08148556534667,113,223.41848224777587,35.44856576781189,2.5134679006473823,320.0640205941297,-315.104762356609,-1.9282153792082977
336.74756781604333,105,143.09816060383906,176,143.6684484671845,56.38065261016363,2.6257031874342274,333.72176713688845,-336.90064913037094,3.1041420495643415
212.54062351320093,124,208.1660466934342,64,243.52069131201503,88.51066510045345,2.526044603367831,209.72727925438974,-216.74207265341866,0.022901193694248735
222.37868180923311,139,292.37781155144444,79,319.6043417097607,100.37727390275586,2.611847214867339,224.8688402850705,-217.75389970800782,0.3420055999332718
246.8231063058572,128,122.14461557475916,210,134.50893903504158,91.61014684879441,2.3713782621693076,249.48178720922567,-245.76720868221824,-2.0093286728457462
194.92682849507747,157,173.6431468058618,7,293.36059689878965,58.87222583806155,2.5871065212551874,197.58091316562454,-194.29577741238774,-0.77976462377302
9.834230523452415,181,219.5987590500634,239,91.02757461646374,57.36064492599623,2.521267365629648,9.531487116248227,-11.646522742860304,0.3019123237825688
188.77947570200263,159,261.6959728674674,281,8.76372764860465,66.14144530449062,2.3331266953671315,189.88289814288666,-186.90883450951526,0.09317895271631946
359.6983425390598,184,287.4031325328401,27,256.4292508049743,103.73198842488125,2.6233496836247725,357.3814789978501,-358.37097714569563,-0.3979029011368976
298.5229946927355,134,140.3388547100679,207,193.15490406926008,64.92058128354044,2.4873257485451514,300.0057929328191,-298.19287767457826,1.2345934072976337
364.02678394661086,121,201.04558611801713,261,412.37303442083686,58.69151652691208,2.381763103459661,368.48055372939723,-366.3298543135059,-0.9098206868964603
71.46793576729591,77,70.57886840758779,147,344.4438130136074,50.48828685921461,2.41650322790374,72.954636408971,-69.91514032563092,0.5075355202369766
372.2250763349931,14,265.5268639399176,187,372.6790205880702,153.9640708494039,2.4654797167019877,374.4767668664391,-374.6039571740347,2.3144288261730623
247.2989800246221,86,11.667455650810016,56,210.50158601047602,116.88914746180197,2.3871811707811803,248.79713821300646,-244.9727977422208,-0.698914569736099
157.12925916130465,47,25.509555770454586,133,449.4156205416169,156.31499979179276,2.618534499679437,154.60226111337613,-158.63795241965158,0.4664309110701811
7.498740921730217,134,95.83724239894367,10,227.01060179138312,131.1571390562271,2.4117801799032024,7.447789731306684,-5.263309489796601,0.31479160153813446
162.58177866986912,152,92.18440270754395,270,309.9150573071845,28.542493259107847,2.474424078128959,161.08880024759276,-162.5598271899176,1.1912445102360985
271.79565434849366,72,7.996516795036381,99,285.7333456954807,61.55404021995301,2.4646928916788227,274.0085507972144,-271.0734040419469,1.233938582007289
294.9151330589194,96,267.51136893740744,181,81.5907145045963,15.467207304902356,2.5984955902500486,297.7189908345457,-293.0412273581069,-1.6600564267318885
343.6507526874957,119,47.538723516174414,113,69.89188826705039,67.42717436532871,2.3064303070920142,342.71613959479953,-345.29758414914147,0.833563877247335
344.78285875824065,130,214.75694024469433,210,81.98602873229893,104.46897533677912,2.5142593602298886,347.9161168818174,-345.06074849743874,0.06352946709006048
224.42518716417038,146,224.51003265529906,121,162.8195196706215,21.252482716579202,2.4491195311439156,225.5450661371599,-228.0226603794653,-0.8866410879042692
235.70215114824748,175,156.59748380076687,219,370.44498129317134,148.3703519053348,2.414736512307569,237.89714210636146,-238.72457274939094,0.1422363883021658
259.07230952996554,63,159.6599889487328,79,293.58856958582925,18.086181266736375,2.542718938215863,260.9108668799477,-261.5791111279954,-1.256354212159011
265.86514894075646,21,114.33563073772207,24,266.07227589457574,114.31107216536387,2.6555138299551797,266.71075260234454,-266.34813166832674,0.7479052455100089
23.608846288057876,137,214.7412474684418,196,115.51369330540999,93.28449352125946,2.486124855434943,24.535405827618703,-26.30374138846615,2.13997677207196
346.95007888747205,54,151.23047522658817,281,224.6934623342085,55.05051216101777,2.4206565002604705,345.39259333545584,-348.2068872051482,-1.584031306894964
386.70250782641284,148,241.44494118298414,47,129.03131972728093,103.38277912061125,2.4768643563912596,384.8363702584753,-387.01469818274535,1.095068032260075
383.1525041052016,81,56.9550565898616,119,361.6008436642166,157.1183207653904,2.663242595210084,383.99356497184255,-383.12958249374003,-0.38126074844519814
300.9725408647137,134,237.0224418954249,150,445.0128798012614,128.57127332259682,2.5639730768119677,298.52215276996407,-300.80293425494506,1.5826525078474618
364.8613720725047,96,99.79032196061874,64,410.3721156921615,69.85503105060272,2.4989151376924226,365.51709157198883,-362.69055171052065,0.2655556335042868
372.6357726645368,114,18.644553148473854,116,8.67465379873988,150.82747395047917,2.526860811849739,370.4986242417903,-374.01143930744206,-0.6074808835599603
118.45973898136722,101,138.98499475589568,107,277.6603713470513,29.397202408181958,2.6040327035486945,118.00432687667782,-116.75520615423461,0.37615816521070916
139.76386451309247,41,136.72080883879053,164,353.1404390468747,42.22682656793231,2.4446161102176656,142.05378439513964,-136.56385245382444,-0.5211792198108451
140.9915947231106,94,82.32205266843953,107,371.8436981911168,145.01617610094328,2.520560085617823,142.47790437434932,-140.8201910899067,-1.70355738689998
204.88698236087387,132,150.64129337683474,224,428.9381233720444,156.63423549871342,2.524487862410559,199.81837078054457,-205.25551077530653,1.1470718093975265
143.83302777590802,45,120.3804745046678,196,151.256555688095,40.73704394952589,2.6133019991569513,146.31034752996263,-144.22387369885232,-1.154259031285101
187.11615872740748,5,5.739597336717946,136,284.7278719457146,16.360101713662353,2.587038380832451,186.3167467461022,-187.75875162657184,0.6928554369355413
148.32016078202548,108,44.834701649764995,70,35.84840675843364,18.041614429544396,2.549239295337855,148.16304183410188,-147.27625076677523,0.09524275314644894
262.8109248380052,121,199.22066461878276,139,344.38036565166783,79.84294949527202,2.423136249970006,261.9869849483738,-261.00270993812023,0.9983055453348596
218.1786731235621,115,173.2492176061406,44,29.2337855929766,114.73147188987491,2.471135895219251,222.21712682073235,-216.13790179011065,-0.769186981565876
136.51721766252018,170,86.14637465206054,16,182.31910812237786,132.5614872981527,2.52893248776882,135.13071866590377,-140.31664073387046,1.290837260718314
48.85561330724274,97,146.27390994150977,39,387.6607446902272,16.351361512681713,2.5323911037547755,44.708714067389806,-50.0770368606482,0.7955359013297445
129.56237171074198,45,160.71072092976775,233,13.737986655886075,14.615379493595253,2.6140882869664344,131.79796895359874,-133.38346184968634,0.7970628779344885
66.53883331185749,141,100.27693298008907,101,60.51251245679191,138.54515986614513,2.4218495159889657,66.91313981997895,-67.43022575800536,-0.7663604900137814
316.3496329099324,146,175.74457662247764,44,443.780596357381,47.11743121919284,2.516761579493307,318.2801320612406,-316.17428992785307,-0.8457805363078712
134.935874274739,52,98.95136696970204,56,192.38234980872,61.85516113061087,2.5520347208878746,132.53575961373784,-137.8463384740541,-0.8545923101971953
155.92147340276367,72,45.15854892344832,236,115.11708013017865,92.08197307057682,2.711398103675521,157.1125103529752,-154.16300737103936,-1.4781156042268337
28.17817181329672,175,98.79473345831332,30,322.19570390862725,34.43427112164005,2.5163022886558473,32.12086770429093,-28.507115636362414,-0.5466498787146677
374.7574981947344,153,216.35820369833786,227,39.043140224062654,12.771392899251452,2.4248188984461017,375.93396572963576,-372.8495550252404,1.4529817171723698
260.40708816373353,135,171.97534936187202,253,320.2129159261576,102.52334001297123,2.614867577260124,256.5935167268644,-263.11808119406044,0.6659419302422698
116.45272540776257,45,173.9000075742757,87,298.33180032716587,54.411513771650185,2.4294207881312864,117.73125569390682,-117.51064260855134,1.149241218488098
222.89661462278107,143,85.68871782357154,213,377.77999928131874,54.0126003668904,2.594664106969654,224.60770422733623,-221.09794288432943,-0.27835565229620224
137.45546891085908,117,78.97703750147264,47,393.2801965113287,155.7123822808632,2.5447322231025398,138.4325002356972,-139.19340783144588,-1.0481408050519068
143.90415395300693,175,170.91651329998558,73,440.49482401748276,80.33816516445896,2.5530368473739107,146.01345381237138,-146.24989287482333,0.55530612540326
362.7192593839661,124,257.39975654467804,87,433.4318906951268,70.58086233892223,2.4337353379560724,361.9131397658742,-363.34497557929416,0.3456780154774
308.62498718162783,182,86.82798446875971,81,263.5797812352299,114.43697726247368,2.4506605752730772,309.1693130004682,-303.87048331141534,-1.2128339056157547
93.82028439982969,45,276.8339731957217,173,198.9738159784522,91.63554726889038,2.510293668856324,97.88705457668243,-95.2289935130188,1.032461226800009
318.9277574440219,52,151.44523373904622,107,67.44017563417667,53.580583397665364,2.439236129478095,315.976095610836,-318.9956081221633,0.03840716745260155
58.58009968590532,50,35.55843731420921,81,39.83423498148528,12.71431628241153,2.4894039658069524,59.411099044329674,-60.9149105684879,-0.5851675900643858
163.18277049108002,99,121.08022676275836,47,363.9955166477877,30.225083939753336,2.3197314316058897,165.5001585762447,-161.14771435391697,0.7472197171392817
339.99059875322087,38,96.52817253837114,284,70.7067446535529,13.44832800352226,2.4908407321226202,342.55621624106976,-339.43822787811814,-0.14694171160669522
13.766908386297526,94,296.5823471032761,81,87.16859779932493,151.8969401438223,2.4027579007781736,10.988979426886155,-14.637572388513789,0.6738496188459013
53.46646047511151,172,58.79935121945369,136,449.4342618752905,127.30223128274963,2.486712765118277,54.874453781373866,-54.656416936202,0.7445271173857814
21.21787043882627,9,144.0873649587017,44,428.6997652004368,98.25047629063093,2.3349135236962075,18.72914656517521,-21.455221122886822,-0.38595129383548704
106.57770895669385,170,144.14902540580078,273,53.83097359886906,153.19589612172643,2.431959857879801,107.39123447624482,-104.16529322446435,-0.4544692090037791
18.6100649937489,20,130.23004211312812,110,178.90781064501493,80.7791016823574,2.530160604688743,16.506156485205494,-20.675264532233093,0.878126513072359
10.87282923031767,52,181.6274546266214,253,130.57384566057763,18.92153874434794,2.5367754900949393,11.479671522257549,-11.163378270004994,-0.1562675592958287
139.85918428723483,162,49.87070958937227,147,392.1894140796119,96.17979548967824,2.3710137042938397,136.92431972500341,-145.04078859722924,0.7345285087296116
74.1092536509506,83,263.4848514845166,270,119.5249221657776,101.34992889433488,2.477680085363986,72.40692195904803,-75.68733147011638,-0.5131557220121363
59.09850803333317,86,259.1527110232029,150,414.01528311507883,78.48829510337671,2.3583696653354,57.56328130781349,-54.84138557479412,-0.6606633881854206
182.43715813771362,74,240.66190669822998,287,251.757540928558,143.93160546589823,2.5107405875150217,183.67379788928,-182.26965816257376,-1.4867704610975663
129.0153479432956,39,81.90356828596788,136,340.9734559197075,120.66564934348284,2.4783270728002322,127.55231281759518,-128.35352615604987,0.5015337337450084
54.35463381490383,88,145.56691887812727,281,122.18303733372802,139.2417341165141,2.5634681270777304,54.98869916625813,-53.882124122713414,0.004259672698884454
26.982174410601196,96,59.614048580930046,173,450.63994492181257,23.792674225861305,2.531282313036475,27.10363803743917,-25.377881543040534,-0.24277174014979572
44.44905504663374,81,69.27482879327354,101,139.5958281212302,22.356326382173673,2.513320733342074,43.534400630624,-45.320319613729566,-0.5111387499530767
302.09450900536535,164,122.32889920909174,73,355.70460443809696,40.348348435138846,2.397779326102273,302.2297413208693,-303.75711466672624,0.7222198154791422
102.47068875099455,162,101.35230065989468,181,11.771526201628358,20.186530152809862,2.4514899336822564,106.15837871403473,-101.27675179752592,-0.564964476066944
79.30202721865159,90,179.4719355267384,227,98.98238066082645,139.63238483974882,2.5696467403469136,76.52401080458624,-78.53153983846423,-0.14590195155209987
353.38401016379856,32,182.32464399875352,276,272.84491798575357,90.89314759149553,2.5114490780636443,357.7587332613816,-351.1948435345096,-0.6063231715971303
203.99563577700255,157,191.93664969238654,127,243.32227139806542,156.05811507333544,2.37036502989971,203.28150059916746,-202.57044170728543,0.5830847532518743
180.49938794464524,157,11.88255848349785,261,212.73555519680903,92.06328507076373,2.619254644729924,177.98436135309842,-178.94425441497972,1.4742795065380476
9.564024330447374,65,172.16663475495687,147,73.10944165434582,122.73498343247473,2.2520366805809284,6.884463852990709,-10.181388269598067,0.17247033688620358
62.13437538939764,90,267.9522192072398,13,74.2044811668027,22.664989523459386,2.6280596655045487,59.652505725804346,-61.266884898527465,-0.04822939988613046
223.49425855411215,162,234.9825310380702,247,205.07520000700904,118.0871477468348,2.519135380915408,220.15169962574257,-222.69195293006888,-1.7258622018930092
246.54898411566617,67,260.85581550608225,276,349.8733136203051,81.96955729448865,2.3922437069900004,247.52511078433906,-248.75939784904736,-2.2187585080020713
62.16417365451508,23,147.83497446240224,276,424.8722215846355,107.77703338932906,2.3934773561153806,60.93075913848045,-67.32713343529574,0.08319501574952999
